{"cameraMode":{"drawMode":0,"name":"Shaded","section":"Shading Mode"},"sceneLighting":true,"audioPlay":false,"sceneViewState":{"showFog":true,"showMaterialUpdate":true,"showSkybox":false,"showFlares":true,"showImageEffects":true,"showParticleSystems":true},"in2DMode":false,"pivot":{"x":-0.6560258269309998,"y":4.060693740844727,"z":6.854883670806885},"rotation":{"x":-0.15481621026992799,"y":-0.8434293866157532,"z":0.33227765560150149,"w":-0.3928377330303192},"size":2.6413075923919679,"orthographic":false}