{"cameraMode":{"drawMode":0,"name":"Shaded","section":"Shading Mode"},"sceneLighting":false,"audioPlay":false,"sceneViewState":{"showFog":true,"showMaterialUpdate":true,"showSkybox":false,"showFlares":true,"showImageEffects":true,"showParticleSystems":true},"in2DMode":false,"pivot":{"x":-0.706619143486023,"y":7.800392150878906,"z":7.306885242462158},"rotation":{"x":-0.04360024631023407,"y":0.9561245441436768,"z":-0.21613213419914246,"w":-0.19302433729171754},"size":2.738645315170288,"orthographic":false}