{"cameraMode":{"drawMode":0,"name":"Shaded","section":"Shading Mode"},"sceneLighting":true,"audioPlay":false,"sceneViewState":{"showFog":true,"showMaterialUpdate":true,"showSkybox":false,"showFlares":true,"showImageEffects":true,"showParticleSystems":true},"in2DMode":false,"pivot":{"x":20.4637451171875,"y":-0.6739048361778259,"z":-25.35746192932129},"rotation":{"x":0.003985641989856958,"y":0.9787871837615967,"z":-0.20438547432422639,"w":0.02707812190055847},"size":7.639509677886963,"orthographic":false}