{"cameraMode":{"drawMode":0,"name":"Shaded","section":"Shading Mode"},"sceneLighting":false,"audioPlay":false,"sceneViewState":{"showFog":true,"showMaterialUpdate":true,"showSkybox":false,"showFlares":true,"showImageEffects":true,"showParticleSystems":true},"in2DMode":false,"pivot":{"x":-8.140000343322754,"y":1.8499999046325684,"z":20.450000762939454},"rotation":{"x":0.028737423941493036,"y":0.9234909415245056,"z":0.0704878643155098,"w":-0.3760434091091156},"size":3.464101552963257,"orthographic":false}