{"cameraMode":{"drawMode":0,"name":"Shaded","section":"Shading Mode"},"sceneLighting":true,"audioPlay":false,"sceneViewState":{"showFog":true,"showMaterialUpdate":true,"showSkybox":false,"showFlares":true,"showImageEffects":true,"showParticleSystems":true},"in2DMode":false,"pivot":{"x":-0.07568390667438507,"y":1.5712852478027344,"z":-0.2918086051940918},"rotation":{"x":0.009983870200812817,"y":0.9526492953300476,"z":-0.30286720395088198,"w":0.031781818717718127},"size":1.9393341541290284,"orthographic":false}