{"cameraMode":{"drawMode":0,"name":"Shaded","section":"Shading Mode"},"sceneLighting":false,"audioPlay":false,"sceneViewState":{"showFog":true,"showMaterialUpdate":true,"showSkybox":false,"showFlares":true,"showImageEffects":true,"showParticleSystems":true},"in2DMode":false,"pivot":{"x":-0.9988446235656738,"y":-5.401483535766602,"z":0.42985212802886965},"rotation":{"x":-0.4302642047405243,"y":0.5636547803878784,"z":-0.44045424461364748,"w":-0.5506195425987244},"size":10.07472038269043,"orthographic":false}