{"cameraMode":{"drawMode":0,"name":"Shaded","section":"Shading Mode"},"sceneLighting":false,"audioPlay":false,"sceneViewState":{"showFog":true,"showMaterialUpdate":true,"showSkybox":false,"showFlares":true,"showImageEffects":true,"showParticleSystems":true},"in2DMode":false,"pivot":{"x":27.390045166015626,"y":-6.818549156188965,"z":79.40099334716797},"rotation":{"x":-0.08567869663238526,"y":-0.17652535438537599,"z":0.016365397721529008,"w":-0.9806608557701111},"size":37.627586364746097,"orthographic":false}