{"cameraMode":{"drawMode":0,"name":"Shaded","section":"Shading Mode"},"sceneLighting":false,"audioPlay":false,"sceneViewState":{"showFog":true,"showMaterialUpdate":true,"showSkybox":false,"showFlares":true,"showImageEffects":true,"showParticleSystems":true},"in2DMode":false,"pivot":{"x":17.249271392822267,"y":-4.504063606262207,"z":4.595613956451416},"rotation":{"x":0.028737423941493036,"y":0.9234909415245056,"z":0.0704878643155098,"w":-0.3760434091091156},"size":9.014019012451172,"orthographic":false}