{"cameraMode":{"drawMode":0,"name":"Shaded","section":"Shading Mode"},"sceneLighting":true,"audioPlay":false,"sceneViewState":{"showFog":true,"showMaterialUpdate":true,"showSkybox":false,"showFlares":true,"showImageEffects":true,"showParticleSystems":true},"in2DMode":false,"pivot":{"x":3.699993133544922,"y":2.116748809814453,"z":5.844620704650879},"rotation":{"x":-0.012455771677196026,"y":-0.9787043929100037,"z":0.19519023597240449,"w":-0.06572167575359345},"size":1.9393341541290284,"orthographic":false}