{"cameraMode":{"drawMode":0,"name":"Shaded","section":"Shading Mode"},"sceneLighting":true,"audioPlay":false,"sceneViewState":{"showFog":true,"showMaterialUpdate":true,"showSkybox":false,"showFlares":true,"showImageEffects":true,"showParticleSystems":true},"in2DMode":false,"pivot":{"x":1.745713472366333,"y":5.225011348724365,"z":5.719345569610596},"rotation":{"x":-0.005662332754582167,"y":0.979445219039917,"z":-0.19987836480140687,"w":-0.027623014524579049},"size":1.6783320903778077,"orthographic":false}