{"cameraMode":{"drawMode":0,"name":"Shaded","section":"Shading Mode"},"sceneLighting":false,"audioPlay":false,"sceneViewState":{"showFog":true,"showMaterialUpdate":false,"showSkybox":false,"showFlares":true,"showImageEffects":true,"showParticleSystems":true},"in2DMode":false,"pivot":{"x":-5.702020168304443,"y":4.633840560913086,"z":3.0696146488189699},"rotation":{"x":0.2390485256910324,"y":0.47965654730796816,"z":-0.13738414645195008,"w":0.8331144452095032},"size":7.41271448135376,"orthographic":false}