{"cameraMode":{"drawMode":0,"name":"Shaded","section":"Shading Mode"},"sceneLighting":false,"audioPlay":false,"sceneViewState":{"showFog":true,"showMaterialUpdate":false,"showSkybox":false,"showFlares":true,"showImageEffects":true,"showParticleSystems":true},"in2DMode":false,"pivot":{"x":-0.42544031143188479,"y":-1.1548709869384766,"z":0.6224184036254883},"rotation":{"x":0.0966714546084404,"y":0.8826167583465576,"z":-0.41047221422195437,"w":0.2078685313463211},"size":12.737739562988282,"orthographic":false}